appid,name
730,Counter-Strike: Global Offensive
1172470,Apex Legends
578080,PUBG: BATTLEGROUNDS
1623730,Palworld
440,Team Fortress 2
1938090,Call of Duty: Modern Warfare II
1063730,New World: Aeternum
2358720,Black Myth: Wukong
271590,Grand Theft Auto V Legacy
550,Left 4 Dead 2
304930,Unturned
1599340,Lost Ark
236390,War Thunder
2246340,Monster Hunter Wilds
553850,HELLDIVERS 2
230410,Warframe
1245620,ELDEN RING
105600,Terraria
2694490,Path of Exile 2
431960,Wallpaper Engine
1086940,Baldur's Gate 3
291550,Brawlhalla
4000,Garry's Mod
1085660,Destiny 2
359550,Tom Clancy's Rainbow Six Siege
252490,Rust
552990,World of Warships
346110,ARK: Survival Evolved
413150,Stardew Valley
242760,The Forest
1491000,War Robots: Frontiers
238960,Path of Exile
218620,PAYDAY 2
291480,Warface: Clutch
901583,Grand Theft Auto IV: Complete Edition
899770,Last Epoch
340,Half-Life 2: Lost Coast
1091500,Cyberpunk 2077
381210,Dead by Daylight
990080,Hogwarts Legacy
438100,VRChat
292030,The Witcher 3: Wild Hunt
945360,Among Us
1097150,Fall Guys: Ultimate Knockout
49520,Borderlands 2
227300,Euro Truck Simulator 2
892970,Valheim
739630,Phasmophobia
444090,Paladins
1203220,NARAKA: BLADEPOINT
320,Half-Life 2: Deathmatch
70,Half-Life
582010,Monster Hunter: World
227940,Heroes & Generals
252950,Rocket League
108600,Project Zomboid
1966720,Lethal Company
1174180,Red Dead Redemption 2
1517290,Battlefield 2042
1240440,Halo Infinite
648800,Raft
386360,SMITE
444200,World of Tanks Blitz
10,Counter-Strike
240,Counter-Strike: Source
3164500,Schedule I
755790,Ring of Elysium
400,Portal
1222670,The Sims 4
550650,Black Squad
322330,Don't Starve Together
239140,Dying Light
477160,Human Fall Flat
251570,7 Days to Die
100,Counter-Strike: Condition Zero
1665460,eFootball
417910,Street Warriors Online
433850,Z1 Battle Royale
594650,Hunt: Showdown 1896
814380,Sekiro: Shadows Die Twice - GOTY Edition
1116170,CyberCorp
220,Half-Life 2
107410,Arma 3
1326470,Sons Of The Forest
219990,Grim Dawn
255710,Cities: Skylines
261550,Mount & Blade II: Bannerlord
8930,Sid Meier's Civilization V
304050,Trove
289070,Sid Meier’s Civilization VI
377160,Fallout 4
532210,Life is Strange 2
2186680,"Warhammer 40,000: Rogue Trader"
1238810,Battlefield V
3241660,R.E.P.O.
221100,DayZ
526870,Satisfactory
1089350,NBA 2K20
632360,Risk of Rain 2
1811260,EA SPORTS FIFA 23
204360,Castle Crashers
218230,PlanetSide 2
72850,The Elder Scrolls V: Skyrim
394360,Hearts of Iron IV
489830,The Elder Scrolls V: Skyrim Special Edition
322170,Geometry Dash
1446780,MONSTER HUNTER RISE
224260,No More Room in Hell
203160,Tomb Raider Game of the Year
275850,No Man's Sky
367520,Hollow Knight
301520,Robocraft
767560,War Robots
2050650,Resident Evil 4
466240,Deceit
284160,BeamNG.drive
278360,A Story About My Uncle
264710,Subnautica
80,Counter-Strike: Condition Zero
370910,Kathy Rain
40,Deathmatch Classic
275390,Guacamelee! Super Turbo Championship Edition
2881650,Content Warning
311210,Call of Duty: Black Ops III
333930,Dirty Bomb
1172620,Sea of Thieves: 2026 Edition
22380,Fallout: New Vegas
250900,The Binding of Isaac: Rebirth
700330,SCP: Secret Laboratory
10180,Call of Duty: Modern Warfare 2 (2009)
582660,Black Desert
1229490,ULTRAKILL
1046930,Dota Underlords
1426210,It Takes Two
2195250,EA SPORTS FC 24
2183900,"Warhammer 40,000: Space Marine 2"
883710,Resident Evil 2
219640,Chivalry: Medieval Warfare
306130,The Elder Scrolls Online
244210,Assetto Corsa
268500,XCOM 2
1794680,Vampire Survivors
1818750,MultiVersus
242050,Assassin’s Creed IV Black Flag
30,Day of Defeat
236850,Europa Universalis IV
363970,Clicker Heroes
379720,DOOM
253710,theHunter Classic
273350,Evolve Stage 2
1782210,Crab Game
844870,KurtzPel
601150,Devil May Cry 5
1286830,STAR WARS: The Old Republic
365670,Blender
319630,Life is Strange - Episode 1
1293830,Forza Horizon 4
1145360,Hades
671860,BattleBit Remastered
427520,Factorio
221380,Age of Empires II (Retired)
231430,Company of Heroes 2
813820,Realm Royale
594570,Total War: WARHAMMER II
391540,Undertale
976730,Halo: The Master Chief Collection
646570,Slay the Spire
588650,Dead Cells
268910,Cuphead
439700,Z1 Battle Royale: Test Server
500,Left 4 Dead
1118200,People Playground
620,Portal 2
1551360,Forza Horizon 5
1049590,Eternal Return
380,Half-Life 2: Episode One
360,Half-Life Deathmatch: Source
779340,Total War: THREE KINGDOMS
233450,Prison Architect
782330,DOOM Eternal
223710,Cry of Fear
513710,SCUM
677620,Splitgate: Arena Warfare
1677740,Stumble Guys
109600,Neverwinter
397900,Business Tour - Board Game with Online Multiplayer
420,Half-Life 2: Episode Two
698780,Doki Doki Literature Club!
435150,Divinity: Original Sin 2 - Definitive Edition
1100600,Football Manager 2020
1604030,V Rising
534380,Dying Light 2 Stay Human: Reloaded Edition
766570,Russian Fishing 4
548430,Deep Rock Galactic
294100,RimWorld
273110,Counter-Strike Nexon: Studio
868270,The Cycle: Frontier
863550,HITMAN 2
1237970,Titanfall 2
555570,Infestation: The New Z
10190,Call of Duty: Modern Warfare 2 (2009)
424840,Little Nightmares
2669320,EA SPORTS FC 25
518790,theHunter: Call of the Wild
365590,Tom Clancy’s The Division
223470,POSTAL 2
241930,Middle-earth: Shadow of Mordor
346900,AdVenture Capitalist
3240220,Grand Theft Auto V Enhanced
440900,Conan Exiles Enhanced
374320,DARK SOULS III
1868140,DAVE THE DIVER
304390,FOR HONOR
208090,Loadout
48700,Mount & Blade: Warband
2630,Call of Duty 2
12210,Grand Theft Auto IV: The Complete Edition
1144200,Ready or Not
113400,APB Reloaded
1332010,Stray
206420,Saints Row IV: Re-Elected
380600,Fishing Planet
225540,Just Cause 3
285800,Braveland
286690,Metro 2033 Redux
223750,DCS World Steam Edition
1593500,God of War
386180,Crossout
1238840,Battlefield 1
812140,Assassin's Creed Odyssey
1721470,Poppy Playtime
960090,Bloons TD 6
55230,Saints Row: The Third
262060,Darkest Dungeon
761890,Albion Online
2001120,Split Fiction
281990,Stellaris
252130,Divide By Sheep
211820,Starbound
8190,Just Cause 2
6060,"STAR WARS Battlefront II (Classic, 2005)"
508440,Totally Accurate Battle Simulator
115300,Call of Duty: Modern Warfare 3 (2011)
42910,Magicka
39210,FINAL FANTASY XIV Online
1222680,Need for Speed Heat
351940,The Descendant
1250,Killing Floor
2623190,The Elder Scrolls IV: Oblivion Remastered
323190,Frostpunk
1716740,Starfield
813780,Age of Empires II: Definitive Edition
630,Alien Swarm
57300,Amnesia: The Dark Descent
395170,DISTRAINT: Deluxe Edition
20920,The Witcher 2: Assassins of Kings Enhanced Edition
212680,FTL: Faster Than Light
504370,Battlerite
286160,Tabletop Simulator
311690,Enter the Gungeon
355840,Survarium
1145350,Hades II
1366800,Crosshair X
1196590,Resident Evil Village
613100,House Flipper
1172380,STAR WARS Jedi: Fallen Order
202970,Call of Duty: Black Ops II
304430,INSIDE
3590,Plants vs. Zombies GOTY Edition
1260320,Party Animals
33930,Arma 2: Operation Arrowhead
212500,The Lord of the Rings Online
457140,Oxygen Not Included
620980,Beat Saber
1222140,Detroit: Become Human
1817070,Marvel’s Spider-Man Remastered
205100,Dishonored
24240,PAYDAY The Heist
1506830,FIFA 22
871720,Ultimate Custom Night
962130,Grounded
356190,Middle-earth: Shadow of War
274190,Broforce
234140,Mad Max
8500,EVE Online
552520,Far Cry 5
7670,BioShock
760160,Vampire: The Masquerade - Bloodhunt
1203620,Enshrouded
270880,American Truck Simulator
601510,Yu-Gi-Oh! Duel Links
397540,Borderlands 3
12120,Grand Theft Auto: San Andreas
236870,HITMAN
674940,Stick Fight: The Game
884660,CRSED: F.O.A.D.
701160,Kingdom Two Crowns
1832640,Mirror 2: Project X
208650,Batman: Arkham Knight
48000,LIMBO
2379780,Balatro
298110,Far Cry 4
42710,Call of Duty: Black Ops
200710,Torchlight II
203770,Crusader Kings II
1903340,Clair Obscur: Expedition 33
244850,Space Engineers
1366540,Dyson Sphere Program
2709570,Supermarket Together
201270,Total War: SHOGUN 2
389730,TEKKEN 7
10090,Call of Duty: World at War
1259420,Days Gone
261640,Borderlands: The Pre-Sequel
220200,Kerbal Space Program
1142710,Total War: WARHAMMER III
265630,Fistful of Frags
219150,Hotline Miami
418460,Rising Storm 2: Vietnam
312990,The Expendabros
211500,RaceRoom Racing Experience
506540,Last Man Standing
20900,The Witcher: Enhanced Edition Director's Cut
552500,Warhammer: Vermintide 2
1057090,Ori and the Will of the Wisps
359320,Elite Dangerous
214950,Total War: ROME II - Emperor Edition
9480,Saints Row 2
245170,Skullgirls 2nd Encore
207610,The Walking Dead
35450,Red Orchestra 2: Heroes of Stalingrad with Rising Storm
285900,Gang Beasts
232090,Killing Floor 2
42680,Call of Duty: Modern Warfare 3 (2011)
918570,Century: Age of Ashes
1771300,Kingdom Come: Deliverance II
447040,Watch_Dogs 2
200510,XCOM: Enemy Unknown
361420,ASTRONEER
33900,Arma 2
209080,Guns of Icarus Online
307780,Mortal Kombat X
335240,Transformice
403640,Dishonored 2
99900,Spiral Knights
1289310,Helltaker
287700,METAL GEAR SOLID V: THE PHANTOM PAIN
460930,Tom Clancy's Ghost Recon Wildlands
219740,Don't Starve
96000,The Tiny Bang Story
35720,Trine 2: Complete Story
387990,Scrap Mechanic
880940,Pummel Party
409710,BioShock Remastered
686810,Hell Let Loose
418370,Resident Evil 7 Biohazard
50130,Mafia II (Classic)
1454400,Cookie Clicker
379430,Kingdom Come: Deliverance
274170,Hotline Miami 2: Wrong Number
232770,POSTAL
1363080,Manor Lords
585690,Minimalism
289650,Assassin's Creed Unity
17410,Mirror's Edge
4560,Company of Heroes - Legacy Edition
2479810,Gray Zone Warfare
233130,Shadow Warrior
1056960,Wolfenstein: Youngblood
976310,Mortal Kombat 11
202990,Call of Duty: Black Ops II
355180,Codename CURE
678950,DRAGON BALL FighterZ
1151340,Fallout 76
299360,Block N Load
213670,South Park: The Stick of Truth
262410,World of Guns: Gun Disassembly
224600,Defiance
368230,Kingdom: Classic
3097560,Liar's Bar
335300,DARK SOULS II: Scholar of the First Sin
233860,Kenshi
391720,Layers of Fear (2016)
240720,Getting Over It with Bennett Foddy
838350,The Scroll Of Taiwu
238320,Outlast
282070,This War of Mine
412020,Metro Exodus
1158310,Crusader Kings III
2567870,Chained Together
265930,Goat Simulator
214490,Alien: Isolation
362890,Black Mesa
438740,Friday the 13th: The Game
617290,Remnant: From the Ashes
588430,Fallout Shelter
1943950,Escape the Backrooms
203140,Hitman: Absolution
12100,Grand Theft Auto III
905370,Conqueror's Blade
1056640,Phantasy Star Online 2
1942280,Brotato
238460,BattleBlock Theater
38400,Fallout: A Post Nuclear Role Playing Game
881020,Granblue Fantasy: Relink
65800,Dungeon Defenders
204880,Sins of a Solar Empire: Rebellion
235460,METAL GEAR RISING: REVENGEANCE
581320,Insurgency: Sandstorm
34330,Total War: SHOGUN 2
387290,Ori and the Blind Forest: Definitive Edition
728880,Overcooked! 2
391220,Rise of the Tomb Raider
8870,BioShock Infinite
372000,Tree of Savior (English Ver.)
239030,"Papers, Please"
629760,MORDHAU
646910,The Crew 2
367500,Dragon's Dogma: Dark Arisen
13520,Far Cry
967050,Pacify
648350,Jurassic World Evolution
2399830,ARK: Survival Ascended
471710,Rec Room
1372880,The Day Before
524220,NieR:Automata
305620,The Long Dark
475150,Titan Quest Anniversary Edition
47870,Need For Speed: Hot Pursuit
629520,Soundpad
282440,Quake Live
436150,Governor of Poker 3
1304930,The Outlast Trials
550900,Metin2
33230,Assassin's Creed 2
427730,Who's Your Daddy?!
221040,Resident Evil 6
1274570,DEVOUR
1222700,A Way Out
1468810,鬼谷八荒 Tale of Immortal
287390,Metro: Last Light Redux
570940,DARK SOULS: REMASTERED
1272080,PAYDAY 3
316010,Magic Duels
105450,Age of Empires III (2007)
1167630,Teardown
11020,TrackMania Nations Forever
12200,Bully: Scholarship Edition
881100,Noita
1313140,Cult of the Lamb
261570,Ori and the Blind Forest
1361210,"Warhammer 40,000: Darktide"
221910,The Stanley Parable
238090,Sniper Elite 3
242720,GunZ 2: The Second Duel
1250410,Microsoft Flight Simulator (2020) 40th Anniversary Edition
644930,They Are Billions
641990,The Escapists 2
1254120,Bless Unleashed
222880,Insurgency
201790,Orcs Must Die! 2
1569040,Football Manager 2022
203290,America's Army: Proving Grounds
2670630,Supermarket Simulator
286570,F1 2015
787860,Farming Simulator 19
466560,Northgard: Definitive Edition
207140,SpeedRunners
1092790,Inscryption
431240,Golf With Your Friends
248570,Toribash
107100,Bastion
209000,Batman: Arkham Origins
24960,Battlefield: Bad Company 2
848450,Subnautica: Below Zero
286940,S.K.I.L.L. - Special Force 2 (Shooter)
740130,Tales of ARISE
17390,SPORE
530700,Argo
2622380,ELDEN RING NIGHTREIGN
220240,Far Cry 3
1217060,Gunfire Reborn
1248130,Farming Simulator 22
437900,Party Jousting
635260,CarX Drift Racing Online
259080,Just Cause 2: Multiplayer Mod
414340,Hellblade: Senua's Sacrifice
42700,Call of Duty: Black Ops
108710,Alan Wake
55100,Homefront
1520470,封灵档案
644560,Mirror
1263850,Football Manager 2021
407530,ARK: Survival Of The Fittest
774171,Muse Dash
279720,The I of the Dragon
201810,Wolfenstein: The New Order
319510,Five Nights at Freddy's
1888160,ARMORED CORE VI FIRES OF RUBICON
310950,Street Fighter V
674020,World War 3
952060,Resident Evil 3
949230,Cities: Skylines II
1466860,Age of Empires IV: Anniversary Edition
388410,Darksiders II Deathinitive Edition
1904540,Football Manager 2023
544810,KARDS - The WWII Card Game
611500,Quake Champions
50,Half-Life: Opposing Force
1408720,Krunker
310560,DiRT Rally
1845910,Dragon Age: The Veilguard
254700,Resident Evil 4 (2005)
1029690,Sniper Elite 5
12220,Grand Theft Auto: Episodes from Liberty City
308040,Back to Bed
815370,Green Hell
470220,UNO
302830,BLOCKADE 3D
242920,Banished
236110,Dungeon Defenders II
383870,Firewatch
1237950,STAR WARS Battlefront II
1399780,Spellbreak
312660,Sniper Elite 4
502500,ACE COMBAT 7: SKIES UNKNOWN
632470,Disco Elysium - The Final Cut
200260,Batman: Arkham City - Game of the Year Edition
393380,Squad
40800,Super Meat Boy
303390,Dead Bits
280,Half-Life: Source
783770,Ironsight
212070,Star Conflict
110800,L.A. Noire
50300,Spec Ops: The Line
41070,Serious Sam 3: BFE
1284210,Guild Wars 2
485510,Nioh: Complete Edition
35700,Trine Enchanted Edition
210770,Sanctum 2
282140,SOMA
495420,State of Decay 2: Juggernaut Edition
323580,Jotun: Valhalla Edition
225260,Brutal Legend
2835570,Buckshot Roulette
464920,Surviving Mars
9900,Star Trek Online
7940,Call of Duty 4: Modern Warfare (2007)
493340,Planet Coaster
343710,Kholat
504230,Celeste
394510,HELLDIVERS Dive Harder Edition
265590,The Red Solstice
1128810,RISK: Global Domination
325610,Total War: ATTILA
1643320,S.T.A.L.K.E.R. 2: Heart of Chornobyl
204450,Call of Juarez: Gunslinger
63380,Sniper Elite V2
268420,Aura Kingdom
482730,Football Manager 2017
360970,Heaven Forest NIGHTS
22370,Fallout 3: Game of the Year Edition
349040,NARUTO SHIPPUDEN: Ultimate Ninja STORM 4
204100,Max Payne 3
823130,Totally Accurate Battlegrounds
1184370,Pathfinder: Wrath of the Righteous - Enhanced Edition
640820,Pathfinder: Kingmaker — Enhanced Plus Edition
47890,The Sims 3
637650,FINAL FANTASY XV WINDOWS EDITION
703080,Planet Zoo
460950,Katana ZERO
35140,Batman: Arkham Asylum Game of the Year Edition
337000,Deus Ex: Mankind Divided
50620,Darksiders
433340,Slime Rancher
238010,Deus Ex: Human Revolution - Director's Cut
527230,For The King
39120,RIFT
307690,Sleeping Dogs: Definitive Edition
266840,Age of Mythology: Extended Edition
2054970,Dragon's Dogma 2
645630,Car Mechanic Simulator 2018
1790600,DRAGON BALL: Sparking! ZERO
300,Day of Defeat: Source
368260,Marvel's Midnight Suns
389570,Mitos.is: The Game
736590,Operation: Harsh Doorstop
1637320,Dome Keeper
409720,BioShock 2 Remastered
975370,Dwarf Fortress
15620,"Warhammer 40,000: Dawn of War II - Anniversary Edition (Classic)"
1371980,No Rest for the Wicked
993090,Lossless Scaling
476480,Heaven Forest - VR MMO
65930,The Bureau: XCOM Declassified
1277400,Monster Hunter Stories 2: Wings of Ruin
2215430,Ghost of Tsushima DIRECTOR'S CUT
3132990,Black Myth: Wukong Benchmark Tool
602960,Barotrauma
606150,Moonlighter
342200,MechWarrior Online Solaris 7
1824220,Chivalry 2
55150,"Warhammer 40,000: Space Marine - Anniversary Edition"
8980,Borderlands Game of the Year
900883,The Elder Scrolls IV: Oblivion Game of the Year Edition Deluxe (2009)
312530,Duck Game
1343400,RuneScape 
1139900,Ghostrunner
738060,Freddy Fazbear's Pizzeria Simulator
893520,Creative Destruction
234650,Shadowrun Returns
744900,Dead Frontier 2
314160,Microsoft Flight Simulator X: Steam Edition
1364780,Street Fighter 6
554620,Life is Strange: Before the Storm
9010,Return to Castle Wolfenstein
368500,Assassin's Creed Syndicate
17470,Dead Space (2008)
204300,Awesomenauts
630100,SoulWorker - Anime Action MMO
750920,Shadow of the Tomb Raider: Definitive Edition
436520,Line of Sight
1659040,HITMAN World of Assassination
788100,Neon Abyss
858820,Tribes of Midgard
680420,OUTRIDERS
678960,CODE VEIN
1611910,"Warhammer 40,000: Chaos Gate - Daemonhunters"
206440,To the Moon
613010,Secret in Story
424280,Iron Snout
212160,Vindictus
1030830,Mafia II: Definitive Edition
365450,Hacknet
302510,Ryse: Son of Rome
22330,The Elder Scrolls IV: Oblivion Game of the Year Edition (2009)
1687950,Persona 5 Royal
238370,Magicka 2
113020,Monaco: What's Yours Is Mine
3070070,TCG Card Shop Simulator
977950,A Dance of Fire and Ice
6860,Hitman: Blood Money
1057240,Crucible Beta
268050,The Evil Within
511470,Glass Masquerade
389430,Knight Online
289130,ENDLESS Legend
488790,South Park: The Fractured But Whole
493520,GTFO
546560,Half-Life: Alyx
439190,Stories: The Path of Destinies
67370,The Darkness II
845070,The Awesome Adventures of Captain Spirit
453480,Shadowverse CCG
633230,NARUTO TO BORUTO: SHINOBI STRIKER
32370,STAR WARS Knights of the Old Republic
476600,Call of Duty: WWII
1404210,Red Dead Online
1557740,ROUNDS
1619450,Heart of a Warrior
683320,GRIS
2551020,One-armed robber
1536610,OpenTTD
386940,Ultimate Chicken Horse
346010,Besiege
924970,Back 4 Blood
349700,Romero's Aftermath
208140,ENDLESS Space - Definitive Edition
206500,AirMech Strike
57690,Tropico 4
2322010,God of War Ragnarök
274940,Depth
412220,DDraceNetwork
1290000,PowerWash Simulator
1286680,Tiny Tina's Wonderlands
39500,Gothic 3
872790,Football Manager 2019
291650,Pillars of Eternity
17330,Crysis Warhead
1533390,Gorilla Tag
606280,Darksiders III
10500,Total War: EMPIRE – Definitive Edition
1476970,Legends of IdleOn - Idle MMO
1262580,Need for Speed Payback
246620,Plague Inc: Evolved
319830,AX:EL - Air XenoDawn
324800,Shadow Warrior 2
341800,Keep Talking and Nobody Explodes
322500,SUPERHOT
939960,Far Cry New Dawn
239820,Game Dev Tycoon
509980,BIGFOOT
364360,Total War: WARHAMMER
492720,Tropico 6
12110,Grand Theft Auto: Vice City
460790,Bayonetta
1213210,Command & Conquer Remastered Collection
627690,Idle Champions of the Forgotten Realms
569480,Kingdoms and Castles
2021910,FPS Chess
242860,Verdun
239160,Thief
391460,WARMODE
636480,Ravenfield
2100,Dark Messiah of Might & Magic
21690,Resident Evil 5
228280,Baldur's Gate: Enhanced Edition
629730,Blade and Sorcery
2420510,HoloCure - Save the Fans!
113420,Fallen Earth Free2Play
706990,BLOCKPOST
304240,Resident Evil
269210,Hero Siege
621060,PC Building Simulator
48190,Assassin’s Creed Brotherhood
638970,Yakuza 0
24010,Train Simulator Classic
228380,Wreckfest
327690,Gigantic
417860,Emily is Away
1262350,SIGNALIS
1058020,"STAR WARS Battlefront (Classic, 2004)"
582160,Assassin's Creed Origins
287450,Rise of Nations: Extended Edition
582500,We Were Here
442080,Riders of Icarus
519860,DUSK
22320,The Elder Scrolls III: Morrowind Game of the Year Edition
704270,Generation Zero
40990,Mafia
1627140,Sabre Team
612880,Wolfenstein II: The New Colossus
638070,Murderous Pursuits
3146520,WEBFISHING
537180,Digimon Masters Online
232890,Stronghold Crusader 2
6000,STAR WARS Republic Commando
1049410,Superliminal
1343370,Old School RuneScape
1238860,Battlefield 4
961200,Predecessor
102600,Orcs Must Die!
2527500,MiSide
870780,CONTROL Ultimate Edition
24980,Mass Effect 2 (2010 Edition)
312520,Rain World
285190,"Warhammer 40,000: Dawn of War III"
235600,Tom Clancy’s Splinter Cell Blacklist
202170,Sleeping Dogs
34030,Total War: NAPOLEON – Definitive Edition
459820,Crush Crush
47810,Dragon Age: Origins - Ultimate Edition
280790,Creativerse
1313860,EA SPORTS FIFA 21
2280,DOOM + DOOM II
637090,BATTLETECH
690790,DiRT Rally 2.0
704850,Thief Simulator
424370,Wolcen: Lords of Mayhem
851850,DRAGON BALL Z: KAKAROT
243470,Watch_Dogs
491950,Orwell: Keeping an Eye On You
1384160,GUILTY GEAR -STRIVE-
2622000,Astral Party 
1061910,Metal: Hellsinger
392110,ENDLESS Space 2
247080,Crypt of the NecroDancer
47830,Medal of Honor
9340,Company of Heroes: Opposing Fronts
214420,Gear Up
438040,Shakes and Fidget
736220,Squad 44
752590,A Plague Tale: Innocence
933110,Age of Empires III: Definitive Edition
24200,DC Universe Online
304670,Aeon Command
228200,Company of Heroes
233720,Surgeon Simulator
692850,Bloodstained: Ritual of the Night
1483870,Draw & Guess
15100,Assassin's Creed: Director's Cut Edition
1241100,POLYGON: Multiplayer Shooter
1282100,REMNANT II
287290,Resident Evil Revelations 2
1225330,NBA 2K21
4920,Natural Selection 2
19900,Far Cry 2
1515950,Capcom Arcade Stadium
979690,The Ascent
809960,Radical Heights
130,Half-Life: Blue Shift
232050,Eador. Masters of the Broken World
47790,Medal of Honor
253980,Enclave
292730,Call of Duty: Infinite Warfare
774361,Blasphemous
34270,SEGA Mega Drive and Genesis Classics
4500,S.T.A.L.K.E.R.: Shadow of Chernobyl
251060,Wargame: Red Dragon
32470,STAR WARS Empire at War - Gold Pack
837470,Untitled Goose Game
834910,ATLAS
454650,DRAGON BALL XENOVERSE 2
1238820,Battlefield 3
1284410,GWENT: The Witcher Card Game
323470,DRAGON BALL XENOVERSE
1089980,The Henry Stickmin Collection
1147560,Skul: The Hero Slayer
214560,Mark of the Ninja
237930,Transistor
225080,Brothers - A Tale of Two Sons
96100,Defy Gravity Extended
2310,Quake
113200,The Binding of Isaac
599140,Graveyard Keeper
1840,Source Filmmaker
65980,Sid Meier's Civilization: Beyond Earth
373420,Divinity: Original Sin - Enhanced Edition
1621690,Core Keeper
311860,Data Hacker: Initiation
1089090,ONE PIECE: PIRATE WARRIORS 4
942970,Unheard - Voices of Crime
41500,Torchlight
1778820,TEKKEN 8
17080,Tribes: Ascend
1522820,Orcs Must Die! 3
23310,The Last Remnant
487220,Freebie
34440,Sid Meier's Civilization IV
4570,"Warhammer 40,000: Dawn of War - Anniversary Edition (Classic)"
2322560,Love Is All Around
2344520,Diablo IV
6880,Just Cause
10680,Aliens vs. Predator
216150,MapleStory
443110,Armored Warfare
378540,The Surge
527430,"Warhammer 40,000: Inquisitor - Martyr"
753640,Outer Wilds
583950,Artifact
334210,Fortified
206480,Dungeons & Dragons Online
921630,音灵 INVAXION
215080,WAKFU
65790,ARMA: Cold War Assault
535930,Two Point Hospital
332070,School of Dragons
311340,METAL GEAR SOLID V: GROUND ZEROES
414700,Outlast 2
270150,RUNNING WITH RIFLES
292910,Deponia: The Complete Journey
447020,Farming Simulator 17
17300,Crysis
1282730,Loop Hero
102500,Kingdoms of Amalur: Reckoning
32800,Lord of the Rings: War in the North
8850,BioShock 2
899440,GOD EATER 3
418240,Shadow Tactics: Blades of the Shogun
207230,ArcheBlade
20570,"Warhammer 40,000: Dawn of War II Chaos Rising"
17460,Mass Effect (2007)
383150,Dead Island Definitive Edition
224760,FEZ
1178830,Bright Memory: Infinite
510840,Evolvation
2012510,Stormgate
297000,Heroes of Might & Magic III - HD Edition
1151640,Horizon Zero Dawn Complete Edition
418070,Turbo Pug
334230,Town of Salem
364470,The Elder Scrolls: Legends
601430,The Evil Within 2
1190000,Car Mechanic Simulator 2021
263500,Dragons and Titans
4700,Total War: MEDIEVAL II – Definitive Edition
39140,FINAL FANTASY VII
675010,MudRunner
220440,DmC: Devil May Cry
240320,Panzar
544730,Catan Universe
337320,Paint the Town Red
350640,Sherlock Holmes: The Devil's Daughter
2231450,Pizza Tower
552100,Brick Rigs
1475810,Ghostwire: Tokyo
427270,Orcs Must Die! Unchained
392160,X4: Foundations
346330,BrainBread 2
3910,Sid Meier's Civilization III Complete
805550,Assetto Corsa Competizione
1380400,Saving Grace
41000,Serious Sam HD: The First Encounter
1284190,The Planet Crafter
2064650,Tower of Fantasy
56437,"Warhammer 40,000: Dawn of War II: Retribution"
585420,Trailmakers
1562430,DREDGE
1987080,Inside the Backrooms
666220,CS2D
529340,Victoria 3
245620,Tropico 5
657200,Hand Simulator
6850,Hitman 2: Silent Assassin
209160,Call of Duty: Ghosts
1388770,Cruelty Squad
603850,Age of History II
32430,STAR WARS - The Force Unleashed Ultimate Sith Edition
253900,Knights and Merchants
1113000,Persona 4 Golden
1016920,Unrailed!
955050,Bright Memory
1929610,Demonologist
1850570,DEATH STRANDING DIRECTOR'S CUT
2096610,Crysis 3 Remastered
446800,Transport Fever
209170,Call of Duty: Ghosts
250400,How to Survive
1211020,Wobbly Life
1296830,暖雪 Warm Snow
410320,EARTH DEFENSE FORCE 4.1 The Shadow of New Despair
261110,Killer is Dead - Nightmare Edition
208580,STAR WARS Knights of the Old Republic II - The Sith Lords
775500,SCARLET NEXUS
447820,Day of Infamy
1599600,PlateUp!
475550,Beholder
257510,The Talos Principle
474960,Quantum Break
237110,Mortal Kombat Komplete Edition
444640,Bloons TD Battles
843380,Super Animal Royale
560130,Pillars of Eternity II: Deadfire
4760,Rome: Total War - Collection
568220,Lobotomy Corporation | Monster Management Simulation
257350,Baldur's Gate II: Enhanced Edition
202750,Alan Wake's American Nightmare
1676130,Deadlink
34870,Sniper: Ghost Warrior 2
224540,Ace of Spades: Battle Builder
699130,World War Z
816020,JUMP FORCE
681660,Bless Online
462780,Darksiders Warmastered Edition
34460,Civilization IV: Beyond the Sword
448510,Overcooked
1307550,Craftopia
1129580,Medieval Dynasty
460920,Steep
55110,Red Faction: Armageddon
996580,Spyro Reignited Trilogy
278080,DYNASTY WARRIORS 8: Xtreme Legends Complete Edition
231060,Ragnarok Online 2
108800,Crysis 2 - Maximum Edition
673950,Farm Together
1094520,Sands of Salzaar
747660,Five Nights at Freddy's: Security Breach
6910,Deus Ex: Game of the Year Edition
239350,Spelunky
360430,Mafia III: Definitive Edition
215280,Secret World Legends
673130,AMID EVIL
2552430,KINGDOM HEARTS -HD 1.5+2.5 ReMIX-
377300,Thunder Tier One
1030840,Mafia: Definitive Edition
323850,Move or Die
841370,NBA 2K19
823500,BONEWORKS
204340,Serious Sam II
794260,Outward Definitive Edition
299460,Woodle Tree Adventures
2680010,The First Berserker: Khazan
1755910,Capcom Arcade 2nd Stadium
1266680,Strobophagia | Rave Horror
265550,Dead Rising 3 Apocalypse Edition
246900,Viscera Cleanup Detail
253960,Jack Orlando: Director's Cut
450390,The Lab
920210,LEGO Star Wars: The Skywalker Saga
17480,Command & Conquer: Red Alert 3
249130,LEGO Marvel Super Heroes
26800,Braid
1017180,The Long Drive
640590,The LEGO NINJAGO Movie Video Game
1515210,The Past Within
1147550,Not For Broadcast
434650,Lost Castle / 失落城堡
1774580,STAR WARS Jedi: Survivor
431730,Aseprite
780310,The Riftbreaker
261030,The Walking Dead: Season Two
1328670,Mass Effect Legendary Edition
226840,Age of Wonders III
374040,Portal Knights
668580,Atomic Heart
1044720,Farthest Frontier
544750,SOULCALIBUR VI
972660,Spiritfarer: Farewell Edition
1150690,OMORI
